Order_ID,Order_Date,Product,Region,Quantity,Unit_Price,Total_Price
1,2023-04-13,Tablet,South,1,1030.82,1030.82
2,2023-12-15,Tablet,West,4,240.96,963.84
3,2023-09-28,Laptop,East,1,389.57,389.57
4,2023-04-17,Mouse,North,2,1190.79,2381.58
5,2023-03-13,Smartphone,North,2,1457.61,2915.22
6,2023-07-08,Smartphone,North,1,430.88,430.88
7,2023-01-21,Keyboard,West,2,443.77,887.54
8,2023-04-13,Headphones,South,1,735.7,735.7
9,2023-05-02,Smartphone,North,1,1476.57,1476.57
10,2023-08-03,Monitor,West,1,439.99,439.99
11,2023-11-27,Smartphone,East,4,640.11,2560.44
12,2023-03-29,Keyboard,South,1,1342.65,1342.65
13,2023-04-10,Smartphone,East,4,54.24,216.96
14,2023-12-26,Monitor,West,1,107.66,107.66
15,2023-06-01,Laptop,North,1,925.9,925.9
16,2023-05-11,Headphones,North,1,1365.7,1365.7
17,2023-05-30,Keyboard,West,2,396.34,792.68
18,2023-11-05,Laptop,North,4,730.98,2923.92
19,2023-09-15,Laptop,South,4,703.17,2812.68
20,2023-12-10,Laptop,West,1,735.81,735.81
21,2023-10-21,Tablet,East,1,952.65,952.65
22,2023-07-11,Headphones,West,2,731.13,1462.26
23,2023-10-04,Mouse,South,2,698.83,1397.66
24,2023-06-10,Headphones,South,2,737.72,1475.44
25,2023-11-10,Tablet,West,4,906.76,3627.04
26,2023-01-22,Mouse,West,4,828.66,3314.64
27,2023-09-10,Headphones,North,4,1288.5,5154.0
28,2023-08-24,Laptop,South,1,121.77,121.77
29,2023-12-11,Keyboard,West,4,1258.31,5033.24
30,2023-02-18,Mouse,West,3,1273.69,3821.07
31,2023-02-28,Monitor,South,3,463.12,1389.36
32,2023-06-19,Monitor,West,2,721.14,1442.28
33,2023-07-07,Smartphone,North,4,685.88,2743.52
34,2023-09-28,Mouse,South,3,366.84,1100.52
35,2023-07-09,Keyboard,North,2,625.36,1250.72
36,2023-06-24,Tablet,North,4,114.36,457.44
37,2023-02-20,Laptop,North,1,452.84,452.84
38,2023-12-30,Smartphone,North,3,1234.19,3702.57
39,2023-02-24,Monitor,South,1,462.62,462.62
40,2023-09-01,Tablet,North,4,1236.4,4945.6
41,2023-11-16,Tablet,North,3,820.82,2462.46
42,2023-05-11,Laptop,West,4,1325.8,5303.2
43,2023-11-03,Mouse,South,1,883.43,883.43
44,2023-05-15,Monitor,South,3,93.02,279.06
45,2023-01-21,Keyboard,East,1,1029.36,1029.36
46,2023-11-25,Tablet,South,4,115.04,460.16
47,2023-06-16,Laptop,South,4,703.37,2813.48
48,2023-10-01,Keyboard,East,1,1397.67,1397.67
49,2023-03-30,Mouse,South,3,289.55,868.65
50,2023-11-12,Monitor,South,1,615.31,615.31
51,2023-01-14,Mouse,South,4,1108.3,4433.2
52,2023-08-30,Tablet,South,1,1329.27,1329.27
53,2023-09-22,Keyboard,East,4,1022.87,4091.48
54,2023-12-12,Keyboard,South,1,424.35,424.35
55,2023-02-22,Keyboard,South,3,1028.18,3084.54
56,2023-12-06,Tablet,East,3,480.26,1440.78
57,2023-04-02,Tablet,West,1,1091.72,1091.72
58,2023-09-21,Mouse,North,1,1433.35,1433.35
59,2023-02-04,Smartphone,West,3,1096.02,3288.06
60,2023-07-25,Mouse,East,4,1301.18,5204.72
61,2023-03-22,Monitor,North,3,53.05,159.15
62,2023-02-19,Laptop,East,4,1090.48,4361.92
63,2023-12-26,Keyboard,East,1,1252.9,1252.9
64,2023-01-02,Smartphone,South,1,108.81,108.81
65,2023-02-23,Laptop,North,4,1313.82,5255.28
66,2023-04-16,Smartphone,South,1,422.21,422.21
67,2023-09-17,Headphones,North,4,1014.67,4058.68
68,2023-11-06,Mouse,East,2,1210.51,2421.02
69,2023-07-10,Tablet,East,3,1010.86,3032.58
70,2023-08-06,Keyboard,West,2,183.81,367.62
71,2023-02-13,Mouse,North,4,914.67,3658.68
72,2023-06-11,Laptop,South,3,846.9,2540.7
73,2023-07-21,Headphones,West,4,1355.47,5421.88
74,2023-09-27,Headphones,West,3,636.15,1908.45
75,2023-12-17,Headphones,West,3,515.57,1546.71
76,2023-10-31,Laptop,South,3,1137.28,3411.84
77,2023-09-28,Laptop,West,3,648.38,1945.14
78,2023-08-03,Laptop,South,4,986.84,3947.36
79,2023-09-09,Laptop,West,3,987.35,2962.05
80,2023-07-09,Headphones,South,3,1337.66,4012.98
81,2023-10-23,Headphones,East,2,918.1,1836.2
82,2023-08-01,Smartphone,East,1,778.12,778.12
83,2023-07-27,Mouse,East,1,251.36,251.36
84,2023-08-25,Keyboard,East,2,217.82,435.64
85,2023-12-04,Tablet,East,2,273.77,547.54
86,2023-02-22,Headphones,West,4,299.18,1196.72
87,2023-10-07,Tablet,West,4,974.92,3899.68
88,2023-08-05,Mouse,West,4,1124.42,4497.68
89,2023-09-09,Mouse,South,2,818.49,1636.98
90,2023-07-07,Tablet,South,2,1252.08,2504.16
91,2023-02-10,Headphones,South,3,1487.33,4461.99
92,2023-06-06,Tablet,South,4,1239.02,4956.08
93,2023-01-15,Smartphone,East,4,1057.58,4230.32
94,2023-10-28,Monitor,East,4,822.11,3288.44
95,2023-03-06,Headphones,East,1,700.84,700.84
96,2023-12-11,Headphones,North,3,172.37,517.11
97,2023-11-23,Keyboard,West,4,629.08,2516.32
98,2023-01-09,Laptop,South,4,1369.7,5478.8
99,2023-12-10,Monitor,South,4,1221.63,4886.52
100,2023-05-09,Mouse,East,1,363.27,363.27
101,2023-05-16,Headphones,South,1,726.58,726.58
102,2023-03-04,Tablet,South,2,1234.25,2468.5
103,2023-05-19,Monitor,West,3,147.71,443.13
104,2023-03-22,Keyboard,East,2,611.72,1223.44
105,2023-06-12,Mouse,West,3,1285.17,3855.51
106,2023-10-16,Laptop,North,1,635.65,635.65
107,2023-09-18,Laptop,North,4,162.54,650.16
108,2023-08-19,Keyboard,North,2,836.67,1673.34
109,2023-02-10,Keyboard,East,4,1299.53,5198.12
110,2023-01-28,Tablet,South,2,905.91,1811.82
111,2023-05-15,Headphones,East,1,378.1,378.1
112,2023-07-20,Laptop,East,1,607.15,607.15
113,2023-11-24,Mouse,South,1,702.68,702.68
114,2023-09-25,Monitor,West,2,889.94,1779.88
115,2023-02-02,Mouse,North,3,1151.06,3453.18
116,2023-02-17,Smartphone,West,2,193.37,386.74
117,2023-03-03,Smartphone,North,3,1340.0,4020.0
118,2023-08-04,Keyboard,East,2,67.85,135.7
119,2023-10-20,Tablet,North,2,586.58,1173.16
120,2023-04-09,Smartphone,East,1,89.76,89.76
121,2023-06-21,Laptop,West,4,619.81,2479.24
122,2023-12-26,Mouse,East,4,812.43,3249.72
123,2023-08-02,Mouse,West,3,791.94,2375.82
124,2023-02-04,Keyboard,South,4,290.16,1160.64
125,2023-08-15,Headphones,South,2,986.32,1972.64
126,2023-04-11,Headphones,South,2,114.93,229.86
127,2023-05-11,Monitor,East,1,1154.76,1154.76
128,2023-09-14,Keyboard,South,1,1422.63,1422.63
129,2023-01-05,Monitor,North,4,542.66,2170.64
130,2023-08-06,Headphones,West,3,800.0,2400.0
131,2023-09-12,Keyboard,West,4,599.42,2397.68
132,2023-12-25,Keyboard,North,4,59.73,238.92
133,2023-10-10,Keyboard,East,4,609.52,2438.08
134,2023-07-26,Headphones,East,4,1197.99,4791.96
135,2023-01-15,Monitor,West,2,914.18,1828.36
136,2023-12-12,Monitor,South,3,196.83,590.49
137,2023-02-11,Keyboard,East,2,1278.35,2556.7
138,2023-06-28,Smartphone,East,3,820.07,2460.21
139,2023-03-04,Tablet,North,1,1270.5,1270.5
140,2023-12-18,Headphones,North,4,891.32,3565.28
141,2023-08-19,Tablet,South,2,861.55,1723.1
142,2023-08-29,Tablet,East,3,202.63,607.89
143,2023-02-21,Monitor,East,1,292.67,292.67
144,2023-04-06,Monitor,North,1,1459.44,1459.44
145,2023-08-10,Smartphone,East,4,381.31,1525.24
146,2023-08-19,Tablet,West,3,1467.31,4401.93
147,2023-08-25,Tablet,North,2,821.27,1642.54
148,2023-05-23,Keyboard,South,4,246.89,987.56
149,2023-06-20,Monitor,North,2,193.99,387.98
150,2023-01-29,Tablet,East,1,352.85,352.85
151,2023-02-05,Mouse,South,2,1392.17,2784.34
152,2023-01-13,Smartphone,North,2,650.52,1301.04
153,2023-06-09,Mouse,West,4,623.38,2493.52
154,2023-11-23,Mouse,West,2,504.15,1008.3
155,2023-07-06,Headphones,North,4,263.24,1052.96
156,2023-08-31,Headphones,West,1,757.38,757.38
157,2023-03-27,Smartphone,West,4,238.57,954.28
158,2023-10-11,Mouse,West,4,1261.45,5045.8
159,2023-03-07,Tablet,South,3,587.08,1761.24
160,2023-06-19,Monitor,West,2,593.47,1186.94
161,2023-02-14,Smartphone,West,1,737.31,737.31
162,2023-03-03,Keyboard,West,4,693.99,2775.96
163,2023-05-14,Mouse,South,1,1492.54,1492.54
164,2023-10-11,Smartphone,North,3,840.8,2522.4
165,2023-01-28,Laptop,East,2,177.89,355.78
166,2023-04-18,Laptop,West,4,929.97,3719.88
167,2023-02-13,Headphones,North,2,269.8,539.6
168,2023-12-06,Monitor,West,3,94.86,284.58
169,2023-10-13,Tablet,South,3,1457.58,4372.74
170,2023-11-27,Monitor,North,1,1171.63,1171.63
171,2023-05-08,Monitor,South,4,1471.16,5884.64
172,2023-12-14,Monitor,West,1,742.92,742.92
173,2023-08-19,Monitor,West,3,821.77,2465.31
174,2023-07-09,Keyboard,South,2,294.09,588.18
175,2023-08-13,Keyboard,East,1,408.02,408.02
176,2023-10-10,Headphones,South,1,1265.9,1265.9
177,2023-05-01,Smartphone,West,2,566.47,1132.94
178,2023-04-26,Laptop,South,1,1248.88,1248.88
179,2023-08-21,Monitor,East,2,1078.07,2156.14
180,2023-09-16,Headphones,South,4,306.9,1227.6
181,2023-12-25,Smartphone,East,2,785.8,1571.6
182,2023-07-17,Laptop,East,4,1032.21,4128.84
183,2023-05-17,Mouse,South,2,390.8,781.6
184,2023-11-14,Tablet,South,3,1254.5,3763.5
185,2023-06-14,Keyboard,North,3,840.0,2520.0
186,2023-08-13,Mouse,West,4,289.6,1158.4
187,2023-11-03,Laptop,East,4,895.33,3581.32
188,2023-08-22,Mouse,North,3,1499.59,4498.77
189,2023-06-21,Tablet,South,4,268.26,1073.04
190,2023-06-01,Headphones,West,2,1234.3,2468.6
191,2023-11-11,Laptop,North,2,350.6,701.2
192,2023-06-09,Mouse,East,3,1184.46,3553.38
193,2023-04-06,Keyboard,North,1,1115.14,1115.14
194,2023-08-21,Keyboard,East,2,485.71,971.42
195,2023-06-29,Smartphone,South,4,522.44,2089.76
196,2023-04-23,Mouse,West,1,1199.16,1199.16
197,2023-11-14,Monitor,West,1,719.1,719.1
198,2023-02-21,Mouse,West,2,1109.69,2219.38
199,2023-09-25,Headphones,South,2,264.58,529.16
200,2023-10-22,Laptop,East,1,1286.21,1286.21
201,2023-04-23,Laptop,South,1,1080.78,1080.78
202,2023-04-11,Headphones,West,3,1365.07,4095.21
203,2023-04-23,Mouse,South,4,241.94,967.76
204,2023-03-22,Headphones,South,3,909.87,2729.61
205,2023-07-06,Tablet,South,2,918.72,1837.44
206,2023-04-23,Headphones,East,3,562.52,1687.56
207,2023-01-02,Keyboard,North,3,714.78,2144.34
208,2023-05-10,Headphones,North,3,105.07,315.21
209,2023-08-08,Laptop,South,3,1131.5,3394.5
210,2023-02-23,Keyboard,North,4,846.52,3386.08
211,2023-12-09,Laptop,North,4,133.72,534.88
212,2023-08-12,Smartphone,South,1,1037.1,1037.1
213,2023-08-13,Monitor,South,2,726.83,1453.66
214,2023-05-06,Laptop,West,3,99.97,299.91
215,2023-05-10,Keyboard,North,1,1455.93,1455.93
216,2023-02-22,Smartphone,East,1,1426.21,1426.21
217,2023-06-21,Laptop,South,1,793.71,793.71
218,2023-08-06,Tablet,West,4,185.83,743.32
219,2023-06-09,Headphones,East,3,1144.2,3432.6
220,2023-07-17,Monitor,North,3,763.3,2289.9
221,2023-09-04,Laptop,West,2,488.55,977.1
222,2023-11-20,Smartphone,South,3,762.56,2287.68
223,2023-07-22,Tablet,East,3,807.54,2422.62
224,2023-07-03,Mouse,South,1,865.93,865.93
225,2023-05-03,Smartphone,North,2,689.77,1379.54
226,2023-09-12,Headphones,East,3,928.35,2785.05
227,2023-10-21,Smartphone,North,4,1382.17,5528.68
228,2023-10-07,Tablet,North,3,575.29,1725.87
229,2023-11-21,Smartphone,West,1,1102.29,1102.29
230,2023-04-08,Tablet,South,4,1346.96,5387.84
231,2023-07-17,Laptop,East,1,711.17,711.17
232,2023-08-28,Tablet,North,3,693.01,2079.03
233,2023-05-24,Tablet,North,4,923.07,3692.28
234,2023-04-07,Monitor,East,2,907.54,1815.08
235,2023-07-20,Tablet,North,2,1219.55,2439.1
236,2023-05-04,Tablet,West,4,740.9,2963.6
237,2023-07-06,Mouse,West,4,1494.38,5977.52
238,2023-11-22,Laptop,West,1,136.23,136.23
239,2023-12-15,Headphones,West,4,54.59,218.36
240,2023-09-16,Monitor,North,1,978.29,978.29
241,2023-05-28,Mouse,East,3,482.73,1448.19
242,2023-09-09,Keyboard,East,1,398.55,398.55
243,2023-12-12,Laptop,East,4,502.25,2009.0
244,2023-05-27,Laptop,East,4,421.27,1685.08
245,2023-05-28,Keyboard,South,3,94.65,283.95
246,2023-12-18,Headphones,East,4,1458.72,5834.88
247,2023-07-18,Tablet,South,4,370.08,1480.32
248,2023-11-04,Mouse,South,2,1114.34,2228.68
249,2023-05-08,Smartphone,West,2,1155.76,2311.52
250,2023-02-08,Monitor,South,3,1397.42,4192.26
251,2023-12-04,Smartphone,North,1,94.3,94.3
252,2023-12-26,Keyboard,South,2,1314.47,2628.94
253,2023-05-09,Laptop,West,1,814.48,814.48
254,2023-09-24,Headphones,South,4,967.19,3868.76
255,2023-05-31,Laptop,North,2,984.48,1968.96
256,2023-10-25,Monitor,North,3,1238.71,3716.13
257,2023-04-09,Laptop,North,3,533.44,1600.32
258,2023-09-20,Laptop,West,3,1112.92,3338.76
259,2023-09-09,Monitor,West,2,816.44,1632.88
260,2023-05-24,Mouse,East,1,1200.42,1200.42
261,2023-12-12,Mouse,West,4,1486.29,5945.16
262,2023-04-22,Monitor,North,1,340.94,340.94
263,2023-03-01,Headphones,North,1,1492.24,1492.24
264,2023-01-02,Keyboard,West,4,180.23,720.92
265,2023-10-31,Laptop,South,4,53.36,213.44
266,2023-09-11,Headphones,West,2,114.03,228.06
267,2023-05-20,Laptop,West,2,545.58,1091.16
268,2023-02-06,Keyboard,North,2,967.71,1935.42
269,2023-06-09,Mouse,East,2,150.09,300.18
270,2023-01-09,Headphones,North,2,58.22,116.44
271,2023-08-21,Tablet,East,4,1408.78,5635.12
272,2023-04-09,Tablet,North,1,1241.79,1241.79
273,2023-05-27,Tablet,West,2,1223.32,2446.64
274,2023-10-31,Mouse,North,2,1332.42,2664.84
275,2023-07-27,Mouse,North,1,1065.05,1065.05
276,2023-05-11,Keyboard,North,2,201.39,402.78
277,2023-06-01,Laptop,West,1,628.7,628.7
278,2023-02-23,Keyboard,West,1,1098.57,1098.57
279,2023-04-30,Keyboard,West,4,456.48,1825.92
280,2023-06-10,Mouse,West,3,1046.74,3140.22
281,2023-04-26,Tablet,East,4,85.52,342.08
282,2023-03-16,Smartphone,East,3,493.9,1481.7
283,2023-04-23,Laptop,South,3,846.24,2538.72
284,2023-04-14,Mouse,West,3,966.53,2899.59
285,2023-12-06,Tablet,East,2,886.71,1773.42
286,2023-09-11,Headphones,North,4,1061.75,4247.0
287,2023-08-15,Smartphone,West,3,58.83,176.49
288,2023-04-22,Smartphone,South,1,196.36,196.36
289,2023-04-09,Mouse,South,2,1309.97,2619.94
290,2023-06-02,Monitor,South,4,1038.54,4154.16
291,2023-12-15,Laptop,North,3,213.75,641.25
292,2023-12-04,Smartphone,East,1,1271.01,1271.01
293,2023-07-13,Mouse,North,4,401.24,1604.96
294,2023-11-06,Mouse,West,4,743.48,2973.92
295,2023-06-12,Tablet,South,2,260.53,521.06
296,2023-07-27,Headphones,North,4,1079.66,4318.64
297,2023-06-18,Monitor,North,2,1016.94,2033.88
298,2023-06-10,Laptop,East,3,356.11,1068.33
299,2023-03-09,Keyboard,East,2,1301.93,2603.86
300,2023-10-16,Headphones,South,1,631.89,631.89
301,2023-10-04,Headphones,North,2,474.15,948.3
302,2023-10-31,Tablet,North,1,270.88,270.88
303,2023-05-15,Smartphone,East,2,435.94,871.88
304,2023-07-14,Smartphone,North,4,81.94,327.76
305,2023-05-08,Tablet,North,3,895.72,2687.16
306,2023-02-02,Mouse,North,1,1271.23,1271.23
307,2023-06-25,Smartphone,East,2,846.02,1692.04
308,2023-01-22,Monitor,South,2,367.95,735.9
309,2023-08-26,Laptop,West,2,98.82,197.64
310,2023-06-07,Headphones,South,4,361.21,1444.84
311,2023-02-07,Headphones,West,4,653.38,2613.52
312,2023-08-18,Monitor,North,1,1151.44,1151.44
313,2023-12-31,Smartphone,South,1,322.37,322.37
314,2023-02-20,Headphones,West,4,1093.7,4374.8
315,2023-09-21,Keyboard,East,1,1307.05,1307.05
316,2023-10-10,Laptop,East,3,708.22,2124.66
317,2023-01-27,Laptop,South,3,1241.08,3723.24
318,2023-08-14,Headphones,South,4,854.25,3417.0
319,2023-10-04,Tablet,North,1,973.78,973.78
320,2023-10-13,Headphones,South,2,813.1,1626.2
321,2023-04-07,Tablet,North,3,721.6,2164.8
322,2023-10-11,Headphones,North,4,390.25,1561.0
323,2023-11-13,Keyboard,East,1,489.63,489.63
324,2023-10-31,Mouse,East,4,470.46,1881.84
325,2023-05-27,Laptop,West,2,866.77,1733.54
326,2023-01-04,Headphones,East,3,223.93,671.79
327,2023-02-04,Keyboard,East,4,1379.35,5517.4
328,2023-07-11,Tablet,South,4,1094.95,4379.8
329,2023-02-18,Tablet,East,4,632.1,2528.4
330,2023-01-17,Laptop,West,2,280.01,560.02
331,2023-06-21,Monitor,South,4,1328.89,5315.56
332,2023-08-08,Headphones,West,2,1244.48,2488.96
333,2023-06-07,Smartphone,East,2,1096.5,2193.0
334,2023-02-15,Tablet,West,2,443.74,887.48
335,2023-01-06,Mouse,South,3,633.55,1900.65
336,2023-04-09,Mouse,North,3,198.98,596.94
337,2023-08-21,Tablet,West,4,324.11,1296.44
338,2023-02-06,Monitor,West,4,1185.37,4741.48
339,2023-10-07,Monitor,South,3,1086.81,3260.43
340,2023-12-15,Keyboard,South,1,910.55,910.55
341,2023-10-29,Mouse,West,3,1348.8,4046.4
342,2023-06-30,Keyboard,East,2,895.74,1791.48
343,2023-04-05,Mouse,West,3,727.1,2181.3
344,2023-04-09,Headphones,South,2,543.54,1087.08
345,2023-07-07,Headphones,North,4,1413.65,5654.6
346,2023-04-26,Smartphone,North,1,169.94,169.94
347,2023-07-10,Headphones,East,4,1399.79,5599.16
348,2023-09-10,Smartphone,West,2,1248.74,2497.48
349,2023-06-10,Headphones,North,2,238.4,476.8
350,2023-09-13,Laptop,West,2,869.23,1738.46
351,2023-11-19,Headphones,South,1,1306.49,1306.49
352,2023-05-08,Keyboard,North,3,879.12,2637.36
353,2023-01-18,Tablet,East,4,1365.44,5461.76
354,2023-10-08,Keyboard,South,4,1417.33,5669.32
355,2023-08-11,Tablet,East,3,662.46,1987.38
356,2023-02-23,Monitor,South,4,597.1,2388.4
357,2023-02-27,Keyboard,North,1,1407.67,1407.67
358,2023-11-19,Monitor,East,4,1028.95,4115.8
359,2023-12-26,Smartphone,East,2,218.23,436.46
360,2023-06-23,Smartphone,South,3,111.32,333.96
361,2023-10-07,Laptop,East,1,868.71,868.71
362,2023-04-24,Headphones,South,3,1398.75,4196.25
363,2023-10-15,Keyboard,South,1,1274.16,1274.16
364,2023-12-08,Monitor,South,2,1029.98,2059.96
365,2023-05-31,Tablet,South,3,251.72,755.16
366,2023-05-07,Smartphone,North,4,418.64,1674.56
367,2023-06-04,Headphones,South,1,1319.49,1319.49
368,2023-09-30,Smartphone,West,3,315.07,945.21
369,2023-04-14,Tablet,East,4,453.74,1814.96
370,2023-10-26,Headphones,West,3,237.92,713.76
371,2023-09-03,Headphones,North,3,1030.36,3091.08
372,2023-06-25,Monitor,West,3,1418.77,4256.31
373,2023-02-08,Monitor,East,1,440.0,440.0
374,2023-06-19,Keyboard,West,4,739.34,2957.36
375,2023-09-04,Keyboard,North,2,969.79,1939.58
376,2023-01-26,Mouse,South,1,1499.23,1499.23
377,2023-12-21,Mouse,West,1,201.97,201.97
378,2023-11-02,Laptop,North,1,772.93,772.93
379,2023-01-13,Smartphone,North,2,608.42,1216.84
380,2023-11-12,Keyboard,East,4,1305.44,5221.76
381,2023-11-09,Monitor,East,4,740.15,2960.6
382,2023-02-05,Tablet,West,4,210.92,843.68
383,2023-06-22,Monitor,South,3,969.92,2909.76
384,2023-01-20,Smartphone,North,3,1167.63,3502.89
385,2023-11-17,Mouse,West,3,54.18,162.54
386,2023-09-21,Monitor,North,2,1295.49,2590.98
387,2023-05-22,Laptop,North,3,319.73,959.19
388,2023-05-23,Smartphone,South,2,850.5,1701.0
389,2023-04-02,Mouse,South,4,652.91,2611.64
390,2023-12-20,Tablet,West,3,1093.5,3280.5
391,2023-11-18,Mouse,South,3,588.18,1764.54
392,2023-10-15,Headphones,South,1,1311.16,1311.16
393,2023-08-03,Laptop,West,2,1109.22,2218.44
394,2023-12-08,Smartphone,South,4,989.18,3956.72
395,2023-02-20,Tablet,East,1,1204.55,1204.55
396,2023-06-02,Laptop,North,1,1143.33,1143.33
397,2023-07-05,Mouse,North,4,102.11,408.44
398,2023-03-04,Laptop,North,1,622.36,622.36
399,2023-07-09,Smartphone,North,2,1399.67,2799.34
400,2023-05-05,Keyboard,West,2,232.3,464.6
401,2023-05-30,Laptop,North,3,1118.79,3356.37
402,2023-11-10,Headphones,North,1,1463.16,1463.16
403,2023-02-27,Laptop,North,3,125.69,377.07
404,2023-12-08,Mouse,North,1,1039.18,1039.18
405,2023-11-01,Mouse,East,2,728.82,1457.64
406,2023-06-29,Tablet,North,2,889.8,1779.6
407,2023-06-19,Mouse,East,2,173.74,347.48
408,2023-11-22,Monitor,West,1,112.36,112.36
409,2023-09-28,Smartphone,South,2,1016.96,2033.92
410,2023-02-23,Smartphone,North,1,1243.8,1243.8
411,2023-04-11,Keyboard,South,3,1183.92,3551.76
412,2023-09-21,Keyboard,South,1,838.52,838.52
413,2023-02-22,Smartphone,West,3,194.81,584.43
414,2023-03-01,Headphones,South,1,1047.66,1047.66
415,2023-04-18,Keyboard,East,3,400.74,1202.22
416,2023-01-05,Tablet,South,2,1371.05,2742.1
417,2023-04-13,Mouse,South,3,1265.48,3796.44
418,2023-07-15,Smartphone,South,2,1078.61,2157.22
419,2023-09-19,Keyboard,North,2,1425.83,2851.66
420,2023-12-31,Smartphone,North,3,95.56,286.68
421,2023-12-16,Monitor,East,1,1117.49,1117.49
422,2023-02-16,Laptop,East,1,528.85,528.85
423,2023-12-21,Mouse,North,4,1363.8,5455.2
424,2023-11-07,Smartphone,East,1,436.68,436.68
425,2023-11-04,Laptop,North,4,1101.04,4404.16
426,2023-05-24,Keyboard,West,1,1322.59,1322.59
427,2023-09-26,Laptop,South,1,110.4,110.4
428,2023-05-04,Mouse,South,2,626.59,1253.18
429,2023-04-16,Smartphone,East,4,1155.35,4621.4
430,2023-06-07,Monitor,North,1,709.63,709.63
431,2023-05-27,Headphones,North,4,437.52,1750.08
432,2023-05-25,Keyboard,East,2,368.72,737.44
433,2023-04-30,Smartphone,North,2,240.7,481.4
434,2023-11-15,Mouse,West,4,1292.84,5171.36
435,2023-10-02,Keyboard,South,2,884.27,1768.54
436,2023-04-02,Tablet,East,3,160.76,482.28
437,2023-02-27,Laptop,East,3,604.74,1814.22
438,2023-12-12,Headphones,North,2,583.21,1166.42
439,2023-08-17,Mouse,East,3,313.52,940.56
440,2023-04-27,Tablet,West,1,681.49,681.49
441,2023-11-14,Smartphone,North,4,531.54,2126.16
442,2023-10-06,Monitor,North,1,545.62,545.62
443,2023-05-07,Keyboard,North,4,1121.59,4486.36
444,2023-05-09,Laptop,North,2,373.73,747.46
445,2023-02-27,Keyboard,West,1,980.7,980.7
446,2023-05-02,Headphones,North,2,877.44,1754.88
447,2023-01-01,Smartphone,East,2,873.73,1747.46
448,2023-08-27,Keyboard,West,4,1011.36,4045.44
449,2023-10-17,Laptop,South,4,845.15,3380.6
450,2023-04-06,Smartphone,South,4,1324.92,5299.68
451,2023-05-06,Keyboard,East,1,1029.59,1029.59
452,2023-04-28,Monitor,East,3,843.1,2529.3
453,2023-02-17,Mouse,West,4,1253.16,5012.64
454,2023-03-30,Smartphone,South,4,928.91,3715.64
455,2023-08-25,Mouse,South,1,472.16,472.16
456,2023-09-29,Smartphone,South,4,350.29,1401.16
457,2023-07-08,Monitor,South,1,270.88,270.88
458,2023-07-11,Mouse,South,2,1354.21,2708.42
459,2023-03-10,Tablet,North,4,1079.7,4318.8
460,2023-10-05,Laptop,East,4,1409.2,5636.8
461,2023-12-15,Tablet,North,2,924.77,1849.54
462,2023-09-04,Keyboard,South,2,736.43,1472.86
463,2023-03-17,Monitor,West,2,136.59,273.18
464,2023-06-03,Tablet,West,4,1023.88,4095.52
465,2023-05-24,Smartphone,South,3,894.2,2682.6
466,2023-03-27,Keyboard,South,3,1485.8,4457.4
467,2023-07-04,Keyboard,West,3,396.78,1190.34
468,2023-10-12,Tablet,North,4,819.57,3278.28
469,2023-08-08,Tablet,North,2,993.89,1987.78
470,2023-03-10,Monitor,South,4,984.66,3938.64
471,2023-02-16,Laptop,North,2,863.88,1727.76
472,2023-04-04,Tablet,West,4,1176.55,4706.2
473,2023-08-26,Headphones,North,4,347.22,1388.88
474,2023-07-23,Tablet,South,2,1102.16,2204.32
475,2023-08-06,Mouse,West,3,948.62,2845.86
476,2023-12-07,Smartphone,North,2,1349.31,2698.62
477,2023-02-08,Headphones,East,1,1278.43,1278.43
478,2023-04-10,Headphones,West,1,506.96,506.96
479,2023-10-16,Mouse,West,2,450.54,901.08
480,2023-09-11,Mouse,East,4,1473.4,5893.6
481,2023-08-10,Keyboard,East,1,814.53,814.53
482,2023-12-23,Laptop,West,1,1364.31,1364.31
483,2023-01-23,Smartphone,East,4,287.63,1150.52
484,2023-09-07,Monitor,South,4,982.09,3928.36
485,2023-01-10,Headphones,South,3,1224.3,3672.9
486,2023-09-03,Monitor,South,4,1423.72,5694.88
487,2023-11-21,Tablet,West,2,539.14,1078.28
488,2023-04-10,Tablet,East,2,1101.22,2202.44
489,2023-10-17,Monitor,East,3,831.28,2493.84
490,2023-06-29,Tablet,North,1,137.91,137.91
491,2023-08-11,Laptop,North,1,1050.5,1050.5
492,2023-09-07,Mouse,East,4,1050.64,4202.56
493,2023-05-27,Tablet,East,2,1399.38,2798.76
494,2023-04-06,Keyboard,East,1,771.1,771.1
495,2023-09-14,Tablet,West,3,383.86,1151.58
496,2023-11-21,Smartphone,East,3,114.62,343.86
497,2023-01-04,Laptop,North,2,652.68,1305.36
498,2023-01-16,Smartphone,West,3,487.78,1463.34
499,2023-10-07,Smartphone,East,3,1153.58,3460.74
500,2023-12-02,Keyboard,North,2,563.69,1127.38
501,2023-09-04,Laptop,West,4,1426.15,5704.6
502,2023-09-15,Laptop,East,4,1445.35,5781.4
503,2023-06-09,Laptop,East,3,950.32,2850.96
504,2023-12-06,Laptop,East,4,1396.56,5586.24
505,2023-06-01,Laptop,West,4,1153.24,4612.96
506,2023-06-27,Keyboard,North,3,842.95,2528.85
507,2023-06-12,Tablet,North,4,311.45,1245.8
508,2023-02-02,Smartphone,South,3,714.97,2144.91
509,2023-06-28,Laptop,East,1,863.27,863.27
510,2023-04-11,Headphones,South,2,1302.74,2605.48
511,2023-09-25,Tablet,South,2,747.93,1495.86
512,2023-11-19,Tablet,North,4,1351.63,5406.52
513,2023-03-06,Smartphone,West,4,1027.81,4111.24
514,2023-06-17,Keyboard,West,4,248.65,994.6
515,2023-11-26,Monitor,North,2,1492.72,2985.44
516,2023-02-12,Monitor,West,1,814.49,814.49
517,2023-02-13,Tablet,South,1,618.19,618.19
518,2023-10-12,Mouse,East,2,1005.71,2011.42
519,2023-01-12,Mouse,North,1,207.9,207.9
520,2023-04-05,Smartphone,East,2,972.98,1945.96
521,2023-10-29,Monitor,West,1,772.44,772.44
522,2023-09-10,Tablet,East,3,639.68,1919.04
523,2023-08-30,Keyboard,West,3,1431.88,4295.64
524,2023-02-04,Monitor,West,2,807.68,1615.36
525,2023-08-03,Tablet,South,1,367.72,367.72
526,2023-12-03,Tablet,West,4,715.5,2862.0
527,2023-03-31,Laptop,South,1,1383.11,1383.11
528,2023-09-21,Keyboard,South,3,305.34,916.02
529,2023-04-03,Laptop,South,3,360.24,1080.72
530,2023-03-31,Smartphone,North,1,68.89,68.89
531,2023-04-25,Laptop,North,1,70.58,70.58
532,2023-04-15,Headphones,West,4,1252.62,5010.48
533,2023-07-15,Laptop,South,4,1111.58,4446.32
534,2023-11-10,Headphones,North,1,564.81,564.81
535,2023-04-24,Monitor,South,1,1062.55,1062.55
536,2023-03-16,Mouse,East,1,623.05,623.05
537,2023-08-05,Tablet,East,1,1431.7,1431.7
538,2023-10-04,Headphones,East,2,1452.23,2904.46
539,2023-09-06,Keyboard,West,1,619.55,619.55
540,2023-06-13,Laptop,South,4,1288.62,5154.48
541,2023-12-23,Headphones,East,3,1170.98,3512.94
542,2023-07-11,Keyboard,North,2,499.5,999.0
543,2023-08-15,Mouse,East,1,386.46,386.46
544,2023-06-26,Mouse,East,3,714.44,2143.32
545,2023-04-09,Laptop,East,2,1182.96,2365.92
546,2023-02-05,Smartphone,West,3,1442.24,4326.72
547,2023-04-06,Laptop,North,1,1157.19,1157.19
548,2023-06-01,Monitor,South,1,1290.05,1290.05
549,2023-05-31,Headphones,North,4,924.44,3697.76
550,2023-07-09,Tablet,South,1,1261.34,1261.34
551,2023-08-12,Smartphone,West,1,1187.41,1187.41
552,2023-02-06,Laptop,West,2,596.63,1193.26
553,2023-09-25,Keyboard,West,4,850.39,3401.56
554,2023-07-02,Smartphone,West,2,1216.89,2433.78
555,2023-01-13,Headphones,South,3,116.78,350.34
556,2023-10-06,Smartphone,East,1,1221.71,1221.71
557,2023-08-05,Headphones,South,3,307.94,923.82
558,2023-12-21,Laptop,North,2,796.29,1592.58
559,2023-12-27,Headphones,West,1,1222.0,1222.0
560,2023-10-13,Smartphone,West,1,418.04,418.04
561,2023-09-30,Keyboard,North,2,406.42,812.84
562,2023-03-03,Mouse,South,2,634.01,1268.02
563,2023-03-25,Smartphone,East,2,1347.23,2694.46
564,2023-08-05,Headphones,East,2,50.64,101.28
565,2023-12-08,Mouse,North,2,1357.01,2714.02
566,2023-07-06,Headphones,East,1,273.02,273.02
567,2023-01-19,Keyboard,South,2,1485.63,2971.26
568,2023-06-26,Headphones,South,1,1434.53,1434.53
569,2023-04-10,Laptop,North,1,767.28,767.28
570,2023-08-21,Tablet,South,2,793.44,1586.88
571,2023-03-17,Smartphone,West,2,748.25,1496.5
572,2023-09-22,Tablet,North,4,971.39,3885.56
573,2023-10-11,Headphones,South,1,181.55,181.55
574,2023-07-25,Keyboard,North,2,97.3,194.6
575,2023-08-11,Smartphone,East,2,133.67,267.34
576,2023-02-21,Headphones,South,2,694.33,1388.66
577,2023-12-05,Mouse,West,4,449.54,1798.16
578,2023-05-24,Monitor,South,4,951.96,3807.84
579,2023-03-10,Headphones,North,3,1489.04,4467.12
580,2023-04-09,Tablet,North,1,610.17,610.17
581,2023-01-25,Smartphone,South,3,882.07,2646.21
582,2023-02-22,Tablet,West,2,652.63,1305.26
583,2023-05-31,Smartphone,West,4,1278.54,5114.16
584,2023-05-24,Headphones,West,4,1358.24,5432.96
585,2023-02-26,Laptop,North,3,1322.17,3966.51
586,2023-02-08,Mouse,South,4,1462.84,5851.36
587,2023-04-19,Headphones,East,2,89.9,179.8
588,2023-06-30,Tablet,North,4,1267.73,5070.92
589,2023-02-11,Monitor,West,3,1140.07,3420.21
590,2023-07-05,Monitor,South,2,381.61,763.22
591,2023-08-11,Keyboard,West,3,1436.66,4309.98
592,2023-05-02,Smartphone,East,4,264.86,1059.44
593,2023-05-13,Tablet,West,3,1035.35,3106.05
594,2023-06-12,Keyboard,West,3,376.09,1128.27
595,2023-08-03,Tablet,East,1,675.5,675.5
596,2023-08-09,Smartphone,South,4,1092.78,4371.12
597,2023-08-23,Headphones,North,4,866.82,3467.28
598,2023-11-27,Headphones,South,3,669.88,2009.64
599,2023-05-26,Monitor,East,1,523.19,523.19
600,2023-08-27,Headphones,West,4,1267.51,5070.04
601,2023-03-17,Headphones,South,2,258.53,517.06
602,2023-01-09,Laptop,North,3,673.65,2020.95
603,2023-03-15,Monitor,East,4,1360.45,5441.8
604,2023-09-10,Keyboard,South,2,1276.48,2552.96
605,2023-08-18,Mouse,North,4,631.37,2525.48
606,2023-01-07,Laptop,East,2,1156.51,2313.02
607,2023-06-23,Keyboard,North,3,1243.58,3730.74
608,2023-05-21,Smartphone,East,4,1338.89,5355.56
609,2023-06-17,Laptop,West,4,839.53,3358.12
610,2023-06-19,Keyboard,South,1,346.47,346.47
611,2023-10-10,Smartphone,North,3,420.2,1260.6
612,2023-05-02,Monitor,East,2,478.76,957.52
613,2023-07-13,Mouse,North,4,911.01,3644.04
614,2023-01-05,Smartphone,North,4,97.57,390.28
615,2023-01-29,Headphones,South,2,972.26,1944.52
616,2023-06-14,Tablet,West,3,578.31,1734.93
617,2023-12-05,Smartphone,North,1,478.1,478.1
618,2023-05-16,Smartphone,East,1,1325.27,1325.27
619,2023-12-31,Mouse,East,4,717.0,2868.0
620,2023-11-17,Tablet,West,2,187.83,375.66
621,2023-12-08,Headphones,East,4,1248.78,4995.12
622,2023-05-25,Keyboard,West,2,119.08,238.16
623,2023-11-23,Keyboard,East,1,1103.79,1103.79
624,2023-08-05,Smartphone,South,3,1172.16,3516.48
625,2023-10-28,Tablet,North,2,561.27,1122.54
626,2023-05-12,Tablet,South,1,1245.94,1245.94
627,2023-10-19,Headphones,North,4,797.71,3190.84
628,2023-03-11,Mouse,North,2,721.78,1443.56
629,2023-09-09,Monitor,North,3,115.83,347.49
630,2023-10-02,Keyboard,South,4,470.54,1882.16
631,2023-12-30,Mouse,North,4,1399.96,5599.84
632,2023-07-01,Laptop,South,1,618.14,618.14
633,2023-06-16,Keyboard,West,2,842.72,1685.44
634,2023-04-01,Mouse,East,4,821.43,3285.72
635,2023-07-21,Keyboard,East,3,906.13,2718.39
636,2023-12-12,Monitor,North,2,138.93,277.86
637,2023-01-19,Laptop,South,3,575.16,1725.48
638,2023-02-08,Monitor,East,4,1098.54,4394.16
639,2023-05-06,Headphones,South,3,340.81,1022.43
640,2023-06-22,Laptop,South,1,345.19,345.19
641,2023-05-21,Smartphone,North,3,64.63,193.89
642,2023-08-30,Mouse,East,2,684.35,1368.7
643,2023-08-08,Laptop,North,3,1329.96,3989.88
644,2023-05-06,Headphones,North,3,125.26,375.78
645,2023-02-27,Headphones,East,1,327.12,327.12
646,2023-05-28,Monitor,East,3,499.62,1498.86
647,2023-11-13,Keyboard,West,3,1111.0,3333.0
648,2023-12-27,Laptop,West,4,978.92,3915.68
649,2023-01-01,Mouse,South,4,653.12,2612.48
650,2023-12-14,Laptop,East,2,1150.65,2301.3
651,2023-07-09,Tablet,West,4,933.96,3735.84
652,2023-07-10,Keyboard,South,4,1349.26,5397.04
653,2023-11-08,Mouse,South,4,1236.14,4944.56
654,2023-04-27,Mouse,South,4,416.58,1666.32
655,2023-05-14,Smartphone,West,1,443.59,443.59
656,2023-02-27,Monitor,East,4,231.77,927.08
657,2023-02-13,Smartphone,North,1,538.6,538.6
658,2023-06-22,Mouse,South,1,1499.34,1499.34
659,2023-06-09,Keyboard,West,4,638.34,2553.36
660,2023-06-22,Laptop,West,3,369.71,1109.13
661,2023-11-13,Laptop,North,1,1155.6,1155.6
662,2023-10-30,Keyboard,North,3,836.58,2509.74
663,2023-05-29,Mouse,West,3,266.92,800.76
664,2023-03-21,Headphones,East,4,602.0,2408.0
665,2023-08-01,Laptop,North,2,650.98,1301.96
666,2023-07-22,Headphones,West,4,1143.05,4572.2
667,2023-09-09,Laptop,North,2,79.97,159.94
668,2023-08-17,Laptop,East,2,440.08,880.16
669,2023-06-13,Monitor,South,4,800.51,3202.04
670,2023-08-15,Monitor,North,4,439.83,1759.32
671,2023-05-27,Tablet,East,2,961.23,1922.46
672,2023-01-20,Smartphone,West,4,748.71,2994.84
673,2023-02-16,Keyboard,North,2,574.48,1148.96
674,2023-08-21,Keyboard,North,3,1426.35,4279.05
675,2023-11-01,Keyboard,West,4,966.63,3866.52
676,2023-01-14,Tablet,South,3,238.41,715.23
677,2023-05-23,Monitor,West,1,862.13,862.13
678,2023-01-01,Mouse,North,3,1182.06,3546.18
679,2023-02-23,Headphones,West,3,1077.31,3231.93
680,2023-09-16,Headphones,East,2,299.53,599.06
681,2023-05-24,Mouse,West,3,1460.01,4380.03
682,2023-01-12,Tablet,North,4,700.78,2803.12
683,2023-11-26,Mouse,West,2,280.59,561.18
684,2023-08-12,Keyboard,South,1,311.28,311.28
685,2023-09-29,Smartphone,West,4,192.44,769.76
686,2023-12-24,Laptop,South,1,1215.1,1215.1
687,2023-06-05,Headphones,East,3,226.94,680.82
688,2023-01-08,Monitor,South,4,231.43,925.72
689,2023-05-02,Monitor,West,4,1283.18,5132.72
690,2023-12-14,Tablet,North,1,549.68,549.68
691,2023-06-13,Monitor,South,4,94.74,378.96
692,2023-03-31,Keyboard,East,4,125.25,501.0
693,2023-05-16,Headphones,South,4,256.15,1024.6
694,2023-07-05,Mouse,South,3,359.42,1078.26
695,2023-11-12,Keyboard,South,1,1014.46,1014.46
696,2023-06-27,Tablet,East,4,278.12,1112.48
697,2023-01-28,Keyboard,West,2,222.37,444.74
698,2023-08-08,Mouse,South,2,1158.84,2317.68
699,2023-12-23,Smartphone,South,2,1023.03,2046.06
700,2023-02-10,Tablet,North,2,681.22,1362.44
701,2023-08-16,Smartphone,East,3,846.5,2539.5
702,2023-07-11,Laptop,South,4,502.38,2009.52
703,2023-05-25,Smartphone,East,1,749.63,749.63
704,2023-07-20,Laptop,South,4,784.68,3138.72
705,2023-07-31,Laptop,West,3,611.49,1834.47
706,2023-08-08,Smartphone,West,2,1364.53,2729.06
707,2023-08-28,Tablet,South,3,73.29,219.87
708,2023-02-15,Mouse,West,4,1184.15,4736.6
709,2023-02-04,Keyboard,South,1,230.36,230.36
710,2023-09-10,Keyboard,West,3,1206.44,3619.32
711,2023-03-23,Mouse,North,1,943.07,943.07
712,2023-09-13,Headphones,North,3,1272.75,3818.25
713,2023-07-16,Headphones,North,1,191.4,191.4
714,2023-10-30,Laptop,East,1,860.52,860.52
715,2023-01-10,Laptop,East,2,776.58,1553.16
716,2023-11-08,Tablet,North,1,1073.98,1073.98
717,2023-10-13,Monitor,East,2,824.72,1649.44
718,2023-08-30,Smartphone,West,4,834.07,3336.28
719,2023-09-08,Laptop,South,4,672.91,2691.64
720,2023-12-31,Keyboard,South,2,497.81,995.62
721,2023-01-05,Tablet,South,2,749.28,1498.56
722,2023-04-29,Smartphone,North,3,221.81,665.43
723,2023-10-16,Tablet,East,3,1444.19,4332.57
724,2023-03-06,Smartphone,West,3,1085.9,3257.7
725,2023-05-26,Smartphone,West,4,1431.08,5724.32
726,2023-08-12,Mouse,North,3,378.75,1136.25
727,2023-08-27,Laptop,West,1,1325.04,1325.04
728,2023-06-26,Tablet,West,1,1222.75,1222.75
729,2023-09-24,Tablet,West,3,1031.87,3095.61
730,2023-12-07,Mouse,West,1,956.29,956.29
731,2023-10-09,Keyboard,East,4,509.0,2036.0
732,2023-03-04,Keyboard,West,1,1233.8,1233.8
733,2023-08-05,Headphones,South,4,777.2,3108.8
734,2023-12-08,Laptop,North,2,152.79,305.58
735,2023-11-11,Laptop,East,2,503.65,1007.3
736,2023-10-10,Monitor,West,2,1406.18,2812.36
737,2023-06-26,Mouse,East,2,1283.49,2566.98
738,2023-04-08,Keyboard,West,1,1473.76,1473.76
739,2023-04-15,Smartphone,South,3,960.59,2881.77
740,2023-04-09,Tablet,North,1,408.89,408.89
741,2023-11-07,Laptop,West,4,286.08,1144.32
742,2023-01-06,Tablet,West,1,321.03,321.03
743,2023-07-16,Tablet,West,1,78.7,78.7
744,2023-12-17,Monitor,West,4,616.49,2465.96
745,2023-05-13,Keyboard,North,2,327.57,655.14
746,2023-12-24,Laptop,North,2,646.9,1293.8
747,2023-09-16,Tablet,South,2,1405.74,2811.48
748,2023-01-23,Laptop,North,3,674.28,2022.84
749,2023-02-22,Smartphone,West,4,1323.08,5292.32
750,2023-06-14,Monitor,South,4,927.98,3711.92
751,2023-07-21,Smartphone,South,1,408.34,408.34
752,2023-03-24,Laptop,South,3,565.99,1697.97
753,2023-05-25,Headphones,West,2,171.68,343.36
754,2023-03-26,Laptop,East,3,533.52,1600.56
755,2023-03-19,Keyboard,West,4,1032.43,4129.72
756,2023-01-01,Tablet,North,4,154.56,618.24
757,2023-02-20,Tablet,North,1,347.83,347.83
758,2023-06-22,Smartphone,West,1,603.09,603.09
759,2023-07-24,Monitor,West,4,1473.97,5895.88
760,2023-09-17,Headphones,South,2,1188.05,2376.1
761,2023-10-15,Mouse,West,2,1113.56,2227.12
762,2023-02-03,Tablet,South,3,218.48,655.44
763,2023-12-14,Keyboard,North,4,1182.44,4729.76
764,2023-04-05,Smartphone,South,4,1188.64,4754.56
765,2023-03-13,Smartphone,West,2,921.6,1843.2
766,2023-02-08,Mouse,North,2,1486.02,2972.04
767,2023-06-03,Keyboard,East,4,521.62,2086.48
768,2023-09-07,Monitor,South,1,1414.85,1414.85
769,2023-06-11,Keyboard,North,4,1376.36,5505.44
770,2023-04-28,Monitor,South,4,66.65,266.6
771,2023-09-16,Keyboard,North,2,702.67,1405.34
772,2023-11-02,Keyboard,North,2,1466.8,2933.6
773,2023-09-25,Laptop,South,1,199.53,199.53
774,2023-02-23,Smartphone,East,1,844.29,844.29
775,2023-08-24,Keyboard,North,3,1469.49,4408.47
776,2023-08-10,Mouse,North,4,855.47,3421.88
777,2023-09-08,Keyboard,North,2,325.23,650.46
778,2023-11-09,Tablet,East,1,894.17,894.17
779,2023-04-22,Smartphone,East,3,346.44,1039.32
780,2023-09-12,Tablet,West,3,803.57,2410.71
781,2023-10-30,Smartphone,South,2,157.36,314.72
782,2023-07-26,Tablet,East,2,927.95,1855.9
783,2023-08-17,Keyboard,South,3,799.35,2398.05
784,2023-12-07,Keyboard,West,1,1123.23,1123.23
785,2023-03-07,Laptop,South,3,964.52,2893.56
786,2023-03-16,Mouse,East,4,846.93,3387.72
787,2023-04-13,Tablet,South,4,1050.18,4200.72
788,2023-07-11,Monitor,East,2,258.72,517.44
789,2023-09-09,Laptop,South,1,913.27,913.27
790,2023-08-14,Tablet,East,1,299.56,299.56
791,2023-10-21,Tablet,East,4,1392.01,5568.04
792,2023-11-02,Laptop,South,3,149.08,447.24
793,2023-04-08,Keyboard,West,2,674.04,1348.08
794,2023-12-04,Tablet,North,3,1058.91,3176.73
795,2023-10-13,Keyboard,West,3,714.13,2142.39
796,2023-12-01,Laptop,South,3,183.54,550.62
797,2023-12-13,Keyboard,West,1,852.4,852.4
798,2023-11-04,Smartphone,East,4,980.37,3921.48
799,2023-09-06,Monitor,North,1,1070.5,1070.5
800,2023-06-15,Headphones,South,4,591.23,2364.92
801,2023-12-01,Tablet,South,2,867.31,1734.62
802,2023-01-30,Mouse,South,2,703.5,1407.0
803,2023-09-04,Monitor,North,3,1024.48,3073.44
804,2023-04-16,Headphones,East,4,896.16,3584.64
805,2023-02-20,Keyboard,South,4,812.35,3249.4
806,2023-03-22,Tablet,West,4,411.81,1647.24
807,2023-05-13,Keyboard,South,3,52.93,158.79
808,2023-10-12,Smartphone,South,3,302.42,907.26
809,2023-05-18,Laptop,South,2,219.75,439.5
810,2023-07-03,Tablet,South,1,701.17,701.17
811,2023-11-26,Headphones,East,4,937.77,3751.08
812,2023-09-30,Headphones,West,4,358.97,1435.88
813,2023-12-06,Smartphone,East,1,1411.63,1411.63
814,2023-03-10,Smartphone,West,4,59.69,238.76
815,2023-02-03,Tablet,South,3,1169.84,3509.52
816,2023-09-19,Keyboard,North,3,956.55,2869.65
817,2023-02-22,Mouse,East,4,591.65,2366.6
818,2023-07-24,Headphones,North,3,123.21,369.63
819,2023-05-06,Headphones,East,3,959.86,2879.58
820,2023-08-23,Smartphone,South,4,609.14,2436.56
821,2023-02-12,Monitor,East,2,1407.59,2815.18
822,2023-08-28,Smartphone,South,1,835.89,835.89
823,2023-04-21,Mouse,East,3,1412.49,4237.47
824,2023-09-06,Keyboard,South,2,369.7,739.4
825,2023-05-31,Keyboard,South,3,1102.3,3306.9
826,2023-07-02,Monitor,West,3,945.01,2835.03
827,2023-12-02,Headphones,South,1,1122.14,1122.14
828,2023-04-05,Smartphone,West,3,361.27,1083.81
829,2023-01-08,Keyboard,South,1,1014.24,1014.24
830,2023-12-26,Mouse,North,1,772.16,772.16
831,2023-07-03,Tablet,South,1,1127.1,1127.1
832,2023-10-08,Laptop,North,2,524.21,1048.42
833,2023-07-14,Laptop,North,4,1340.58,5362.32
834,2023-12-18,Laptop,South,2,172.24,344.48
835,2023-07-14,Headphones,North,4,1220.42,4881.68
836,2023-06-04,Smartphone,West,4,1298.91,5195.64
837,2023-04-03,Monitor,East,1,1235.02,1235.02
838,2023-06-09,Keyboard,South,3,793.45,2380.35
839,2023-03-02,Tablet,North,1,685.66,685.66
840,2023-05-02,Mouse,South,3,1494.58,4483.74
841,2023-02-20,Tablet,West,4,382.3,1529.2
842,2023-10-04,Mouse,South,1,842.97,842.97
843,2023-01-05,Headphones,South,3,1022.48,3067.44
844,2023-04-02,Smartphone,North,2,1066.26,2132.52
845,2023-06-19,Laptop,West,3,345.84,1037.52
846,2023-11-13,Smartphone,East,1,998.29,998.29
847,2023-01-22,Headphones,East,2,1236.64,2473.28
848,2023-11-22,Monitor,North,3,122.53,367.59
849,2023-01-01,Monitor,South,3,1371.71,4115.13
850,2023-05-13,Headphones,North,3,92.78,278.34
851,2023-08-21,Mouse,North,3,566.16,1698.48
852,2023-01-12,Keyboard,North,3,72.93,218.79
853,2023-12-12,Keyboard,South,2,161.86,323.72
854,2023-02-15,Mouse,West,4,1371.19,5484.76
855,2023-02-03,Monitor,North,2,564.55,1129.1
856,2023-03-19,Monitor,South,2,665.92,1331.84
857,2023-08-06,Monitor,West,2,362.25,724.5
858,2023-10-28,Smartphone,North,4,915.79,3663.16
859,2023-03-14,Monitor,East,1,912.46,912.46
860,2023-10-09,Tablet,West,4,589.69,2358.76
861,2023-09-06,Laptop,North,2,532.9,1065.8
862,2023-02-16,Monitor,West,3,1333.2,3999.6
863,2023-05-01,Mouse,West,3,605.76,1817.28
864,2023-08-02,Laptop,West,2,765.58,1531.16
865,2023-08-27,Smartphone,West,3,460.79,1382.37
866,2023-02-25,Mouse,West,2,1190.82,2381.64
867,2023-12-16,Laptop,West,3,626.3,1878.9
868,2023-04-17,Mouse,North,4,794.74,3178.96
869,2023-11-15,Smartphone,East,1,417.37,417.37
870,2023-02-17,Tablet,South,1,1482.11,1482.11
871,2023-03-02,Smartphone,West,4,472.67,1890.68
872,2023-12-03,Smartphone,South,4,1167.58,4670.32
873,2023-01-26,Mouse,North,2,669.87,1339.74
874,2023-10-19,Headphones,West,2,349.02,698.04
875,2023-09-14,Keyboard,East,2,1209.59,2419.18
876,2023-01-08,Monitor,South,3,533.73,1601.19
877,2023-04-23,Monitor,West,2,1304.53,2609.06
878,2023-12-21,Tablet,North,4,1377.12,5508.48
879,2023-09-10,Tablet,East,1,1296.74,1296.74
880,2023-06-29,Monitor,South,3,100.76,302.28
881,2023-07-26,Keyboard,South,2,1191.69,2383.38
882,2023-10-30,Monitor,West,3,646.44,1939.32
883,2023-05-07,Headphones,East,3,1316.9,3950.7
884,2023-02-25,Keyboard,East,2,975.03,1950.06
885,2023-08-02,Tablet,East,3,1258.78,3776.34
886,2023-01-14,Laptop,East,1,774.18,774.18
887,2023-01-28,Mouse,North,4,825.79,3303.16
888,2023-03-19,Headphones,East,4,259.36,1037.44
889,2023-08-04,Headphones,South,1,1186.78,1186.78
890,2023-12-31,Tablet,South,3,658.11,1974.33
891,2023-06-03,Tablet,North,2,775.12,1550.24
892,2023-01-14,Smartphone,South,3,1188.39,3565.17
893,2023-07-06,Headphones,South,1,918.33,918.33
894,2023-11-08,Smartphone,East,3,341.59,1024.77
895,2023-01-07,Smartphone,South,4,905.84,3623.36
896,2023-01-03,Mouse,North,3,641.07,1923.21
897,2023-04-21,Smartphone,East,1,730.81,730.81
898,2023-08-26,Keyboard,West,4,91.05,364.2
899,2023-12-29,Monitor,East,3,354.54,1063.62
900,2023-08-27,Laptop,North,3,457.51,1372.53
901,2023-10-01,Tablet,East,4,1083.79,4335.16
902,2023-10-21,Keyboard,East,2,66.66,133.32
903,2023-08-15,Laptop,North,4,642.73,2570.92
904,2023-01-15,Headphones,East,2,1389.84,2779.68
905,2023-07-11,Headphones,North,1,212.23,212.23
906,2023-04-29,Headphones,North,1,798.82,798.82
907,2023-01-28,Keyboard,West,4,1190.46,4761.84
908,2023-07-21,Keyboard,South,4,1416.67,5666.68
909,2023-02-08,Tablet,South,1,1132.83,1132.83
910,2023-09-30,Monitor,East,2,1094.82,2189.64
911,2023-08-19,Smartphone,East,1,1248.41,1248.41
912,2023-03-27,Headphones,West,4,696.99,2787.96
913,2023-05-06,Mouse,West,1,1218.47,1218.47
914,2023-10-27,Monitor,West,4,61.55,246.2
915,2023-01-25,Mouse,North,4,1390.61,5562.44
916,2023-05-25,Tablet,West,1,692.79,692.79
917,2023-01-13,Tablet,West,2,852.4,1704.8
918,2023-07-31,Tablet,East,3,419.58,1258.74
919,2023-01-25,Laptop,West,1,1126.67,1126.67
920,2023-03-09,Mouse,North,3,161.12,483.36
921,2023-03-08,Monitor,North,1,1315.32,1315.32
922,2023-08-21,Monitor,East,3,1250.77,3752.31
923,2023-04-19,Keyboard,West,2,363.29,726.58
924,2023-05-26,Keyboard,West,2,1223.52,2447.04
925,2023-04-21,Headphones,North,1,1190.22,1190.22
926,2023-08-16,Keyboard,West,4,966.71,3866.84
927,2023-04-21,Tablet,West,3,591.6,1774.8
928,2023-02-03,Monitor,West,4,443.67,1774.68
929,2023-04-21,Mouse,South,4,386.09,1544.36
930,2023-09-21,Tablet,East,4,511.98,2047.92
931,2023-08-24,Laptop,South,2,1360.16,2720.32
932,2023-03-24,Keyboard,East,1,162.58,162.58
933,2023-02-11,Tablet,North,1,1251.86,1251.86
934,2023-04-11,Tablet,West,2,555.89,1111.78
935,2023-01-06,Laptop,East,2,806.32,1612.64
936,2023-06-29,Smartphone,South,1,1202.0,1202.0
937,2023-10-09,Monitor,West,4,1332.35,5329.4
938,2023-11-16,Mouse,North,3,549.93,1649.79
939,2023-08-14,Headphones,East,3,719.67,2159.01
940,2023-11-11,Smartphone,East,3,651.05,1953.15
941,2023-12-31,Keyboard,East,4,69.21,276.84
942,2023-08-17,Tablet,West,1,479.12,479.12
943,2023-10-16,Laptop,South,2,715.82,1431.64
944,2023-05-30,Laptop,South,1,646.09,646.09
945,2023-10-04,Monitor,East,4,1096.8,4387.2
946,2023-07-17,Smartphone,North,2,607.97,1215.94
947,2023-03-11,Headphones,North,4,759.6,3038.4
948,2023-04-22,Monitor,South,3,672.93,2018.79
949,2023-01-04,Tablet,North,3,1123.91,3371.73
950,2023-12-16,Monitor,South,4,1301.31,5205.24
951,2023-11-27,Mouse,East,2,821.24,1642.48
952,2023-11-14,Laptop,South,2,1194.68,2389.36
953,2023-12-16,Laptop,South,1,480.34,480.34
954,2023-04-05,Keyboard,East,3,834.99,2504.97
955,2023-06-01,Keyboard,North,1,550.58,550.58
956,2023-11-07,Headphones,South,1,650.59,650.59
957,2023-05-17,Tablet,South,4,1112.0,4448.0
958,2023-09-04,Mouse,East,4,1328.41,5313.64
959,2023-08-31,Smartphone,North,1,226.17,226.17
960,2023-01-31,Monitor,South,3,970.23,2910.69
961,2023-02-09,Headphones,East,4,894.11,3576.44
962,2023-08-17,Tablet,South,1,221.7,221.7
963,2023-02-05,Keyboard,West,1,357.25,357.25
964,2023-08-11,Monitor,East,1,500.95,500.95
965,2023-01-06,Keyboard,North,1,292.05,292.05
966,2023-11-18,Monitor,North,1,403.41,403.41
967,2023-08-08,Smartphone,North,1,438.02,438.02
968,2023-03-16,Tablet,North,4,536.73,2146.92
969,2023-01-04,Monitor,South,3,1136.62,3409.86
970,2023-12-01,Mouse,South,1,879.27,879.27
971,2023-05-14,Headphones,North,2,1480.06,2960.12
972,2023-04-28,Laptop,North,4,651.37,2605.48
973,2023-04-04,Mouse,North,4,1143.1,4572.4
974,2023-03-03,Mouse,South,1,1313.63,1313.63
975,2023-07-13,Headphones,North,4,1034.52,4138.08
976,2023-12-01,Laptop,North,1,647.2,647.2
977,2023-07-22,Mouse,West,3,1142.71,3428.13
978,2023-01-26,Monitor,West,3,345.32,1035.96
979,2023-06-22,Monitor,North,4,524.95,2099.8
980,2023-10-27,Monitor,East,4,842.69,3370.76
981,2023-05-13,Laptop,North,2,884.34,1768.68
982,2023-11-22,Mouse,West,4,82.11,328.44
983,2023-04-28,Laptop,East,2,1420.42,2840.84
984,2023-11-20,Monitor,East,3,1060.11,3180.33
985,2023-10-02,Headphones,North,3,768.77,2306.31
986,2023-07-31,Mouse,West,1,1403.03,1403.03
987,2023-08-13,Mouse,West,3,686.69,2060.07
988,2023-01-20,Keyboard,East,2,1471.63,2943.26
989,2023-04-23,Keyboard,North,4,792.81,3171.24
990,2023-05-20,Smartphone,South,1,215.71,215.71
991,2023-02-16,Tablet,South,2,1158.96,2317.92
992,2023-01-01,Keyboard,West,4,1034.4,4137.6
993,2023-03-31,Laptop,South,1,1170.83,1170.83
994,2023-05-22,Keyboard,West,3,1429.59,4288.77
995,2023-11-16,Smartphone,West,2,1175.91,2351.82
996,2023-02-07,Mouse,West,4,936.44,3745.76
997,2023-10-20,Smartphone,South,1,1293.1,1293.1
998,2023-05-19,Mouse,West,1,1026.21,1026.21
999,2023-12-22,Headphones,East,3,641.77,1925.31
1000,2023-11-29,Headphones,North,4,1334.15,5336.6
